{"cameraMode":{"drawMode":0,"name":"Shaded","section":"Shading Mode"},"sceneLighting":false,"audioPlay":false,"sceneViewState":{"m_AlwaysRefresh":false,"showFog":true,"showSkybox":false,"showFlares":true,"showImageEffects":true,"showParticleSystems":true,"showVisualEffectGraphs":true,"m_FxEnabled":true},"in2DMode":false,"pivot":{"x":0.011132195591926575,"y":0.39073997735977175,"z":0.20122674107551576},"rotation":{"x":-0.0018714835168793798,"y":0.9935277104377747,"z":0.016392625868320466,"w":0.11254289001226425},"size":0.7102935910224915,"orthographic":false}