{"cameraMode":{"drawMode":0,"name":"Shaded","section":"Shading Mode"},"sceneLighting":false,"audioPlay":false,"sceneViewState":{"m_AlwaysRefresh":false,"showFog":true,"showSkybox":false,"showFlares":true,"showImageEffects":true,"showParticleSystems":true,"showVisualEffectGraphs":true,"m_FxEnabled":true},"in2DMode":false,"pivot":{"x":0.011132195591926575,"y":0.39073997735977175,"z":0.20122674107551576},"rotation":{"x":0.017959455028176309,"y":0.7094334959983826,"z":-0.01810004748404026,"w":0.7043405771255493},"size":0.9249870777130127,"orthographic":false}