{"cameraMode":{"drawMode":0,"name":"Shaded","section":"Shading Mode"},"sceneLighting":false,"audioPlay":false,"sceneViewState":{"m_AlwaysRefresh":false,"showFog":true,"showSkybox":false,"showFlares":true,"showImageEffects":true,"showParticleSystems":true,"showVisualEffectGraphs":true,"m_FxEnabled":true},"in2DMode":false,"pivot":{"x":0.05288104712963104,"y":0.418876051902771,"z":-0.10113770514726639},"rotation":{"x":0.007187726441770792,"y":-0.9872364401817322,"z":-0.15223637223243714,"w":-0.04653347656130791},"size":1.0361405611038209,"orthographic":false}