{"cameraMode":{"drawMode":0,"name":"Shaded","section":"Shading Mode"},"sceneLighting":true,"audioPlay":false,"sceneViewState":{"m_AlwaysRefresh":false,"showFog":true,"showSkybox":true,"showFlares":true,"showImageEffects":true,"showParticleSystems":true,"showVisualEffectGraphs":true,"m_FxEnabled":true},"in2DMode":false,"pivot":{"x":1.0220296382904053,"y":0.42902204394340517,"z":2.258082866668701},"rotation":{"x":-0.35677415132522585,"y":-0.0036472142674028875,"z":0.0013899949844926596,"w":-0.9341989159584045},"size":0.9682188630104065,"orthographic":false}