{"cameraMode":{"drawMode":0,"name":"Shaded","section":"Shading Mode"},"sceneLighting":true,"audioPlay":false,"sceneViewState":{"m_AlwaysRefresh":false,"showFog":true,"showSkybox":true,"showFlares":true,"showImageEffects":true,"showParticleSystems":true,"showVisualEffectGraphs":true,"m_FxEnabled":true},"in2DMode":false,"pivot":{"x":-1.35032320022583,"y":0.8910000324249268,"z":1.5004204511642457},"rotation":{"x":-0.13659889996051789,"y":0.0326848067343235,"z":0.0045074294321238998,"w":0.9900844097137451},"size":0.6816845536231995,"orthographic":false}