{"cameraMode":{"drawMode":0,"name":"Shaded","section":"Shading Mode"},"sceneLighting":false,"audioPlay":false,"sceneViewState":{"m_AlwaysRefresh":false,"showFog":true,"showSkybox":false,"showFlares":true,"showImageEffects":true,"showParticleSystems":true,"showVisualEffectGraphs":true,"m_FxEnabled":true},"in2DMode":false,"pivot":{"x":-0.02987194061279297,"y":0.45106154680252077,"z":0.06212270259857178},"rotation":{"x":-0.03020801953971386,"y":0.9687350988388062,"z":0.1958666294813156,"w":0.1493809074163437},"size":0.8239452242851257,"orthographic":false}