{"cameraMode":{"drawMode":0,"name":"Shaded","section":"Shading Mode"},"sceneLighting":false,"audioPlay":false,"sceneViewState":{"m_AlwaysRefresh":false,"showFog":true,"showSkybox":false,"showFlares":true,"showImageEffects":true,"showParticleSystems":true,"showVisualEffectGraphs":true,"m_FxEnabled":true},"in2DMode":false,"pivot":{"x":0.10515393316745758,"y":0.39499449729919436,"z":0.260074257850647},"rotation":{"x":-0.16406388580799104,"y":-0.6398923397064209,"z":0.14242520928382874,"w":-0.7371470928192139},"size":1.0061814785003663,"orthographic":false}