{"cameraMode":{"drawMode":0,"name":"Shaded","section":"Shading Mode"},"sceneLighting":false,"audioPlay":false,"sceneViewState":{"m_AlwaysRefresh":false,"showFog":true,"showSkybox":false,"showFlares":true,"showImageEffects":true,"showParticleSystems":true,"showVisualEffectGraphs":true,"m_FxEnabled":true},"in2DMode":false,"pivot":{"x":0.10515393316745758,"y":0.39499449729919436,"z":0.260074257850647},"rotation":{"x":-0.0004329741932451725,"y":-0.995327889919281,"z":0.00448044715449214,"w":-0.09675426781177521},"size":0.6063359975814819,"orthographic":false}