{"cameraMode":{"drawMode":0,"name":"Shaded","section":"Shading Mode"},"sceneLighting":false,"audioPlay":false,"sceneViewState":{"m_AlwaysRefresh":false,"showFog":true,"showSkybox":false,"showFlares":true,"showImageEffects":true,"showParticleSystems":true,"showVisualEffectGraphs":true,"m_FxEnabled":true},"in2DMode":false,"pivot":{"x":1.0789999961853028,"y":0.467462956905365,"z":0.1468050479888916},"rotation":{"x":-0.0008309257100336254,"y":-0.9604596495628357,"z":0.002883206820115447,"w":-0.278557687997818},"size":0.8708828687667847,"orthographic":false}