{"cameraMode":{"drawMode":0,"name":"Shaded","section":"Shading Mode"},"sceneLighting":false,"audioPlay":false,"sceneViewState":{"m_AlwaysRefresh":false,"showFog":true,"showSkybox":false,"showFlares":true,"showImageEffects":true,"showParticleSystems":true,"showVisualEffectGraphs":true,"m_FxEnabled":true},"in2DMode":false,"pivot":{"x":1.3356854915618897,"y":0.24554604291915894,"z":-0.38489627838134768},"rotation":{"x":0.3181903064250946,"y":0.031278517097234729,"z":-0.010503805242478848,"w":0.9474608898162842},"size":0.8660253882408142,"orthographic":false}