{"cameraMode":{"drawMode":0,"name":"Shaded","section":"Shading Mode"},"sceneLighting":false,"audioPlay":false,"sceneViewState":{"m_AlwaysRefresh":false,"showFog":true,"showSkybox":false,"showFlares":true,"showImageEffects":true,"showParticleSystems":true,"showVisualEffectGraphs":true,"m_FxEnabled":true},"in2DMode":false,"pivot":{"x":1.3356854915618897,"y":0.24554604291915894,"z":-0.38489627838134768},"rotation":{"x":0.31130000948905947,"y":0.12636952102184297,"z":-0.04180844873189926,"w":0.9409536123275757},"size":0.9957486987113953,"orthographic":false}