{"cameraMode":{"drawMode":0,"name":"Shaded","section":"Shading Mode"},"sceneLighting":false,"audioPlay":false,"sceneViewState":{"m_AlwaysRefresh":false,"showFog":true,"showSkybox":false,"showFlares":true,"showImageEffects":true,"showParticleSystems":true,"showVisualEffectGraphs":true,"m_FxEnabled":true},"in2DMode":false,"pivot":{"x":5.364418029785156e-7,"y":0.5480449199676514,"z":1.861221194267273},"rotation":{"x":0.002540082670748234,"y":-0.9974232912063599,"z":0.056915853172540668,"w":0.044632669538259509},"size":0.5047292709350586,"orthographic":false}