{"cameraMode":{"drawMode":0,"name":"Shaded","section":"Shading Mode"},"sceneLighting":false,"audioPlay":false,"sceneViewState":{"m_AlwaysRefresh":false,"showFog":true,"showSkybox":false,"showFlares":true,"showImageEffects":true,"showParticleSystems":true,"showVisualEffectGraphs":true,"m_FxEnabled":true},"in2DMode":false,"pivot":{"x":5.364418029785156e-7,"y":0.5480449199676514,"z":1.861221194267273},"rotation":{"x":-0.022823480889201165,"y":-0.7929567098617554,"z":0.02974621392786503,"w":-0.6081836819648743},"size":0.9447988867759705,"orthographic":false}