{"cameraMode":{"drawMode":0,"name":"Shaded","section":"Shading Mode"},"sceneLighting":false,"audioPlay":false,"sceneViewState":{"m_AlwaysRefresh":false,"showFog":true,"showSkybox":false,"showFlares":true,"showImageEffects":true,"showParticleSystems":true,"showVisualEffectGraphs":true,"m_FxEnabled":true},"in2DMode":false,"pivot":{"x":5.364418029785156e-7,"y":0.5480449199676514,"z":1.861221194267273},"rotation":{"x":-0.019700180739164354,"y":-0.9771661162376404,"z":0.10446186363697052,"w":-0.1841626912355423},"size":1.1381676197052003,"orthographic":false}