{"cameraMode":{"drawMode":0,"name":"Shaded","section":"Shading Mode"},"sceneLighting":false,"audioPlay":false,"sceneViewState":{"m_AlwaysRefresh":false,"showFog":true,"showSkybox":false,"showFlares":true,"showImageEffects":true,"showParticleSystems":true,"showVisualEffectGraphs":true,"m_FxEnabled":true},"in2DMode":false,"pivot":{"x":5.364418029785156e-7,"y":0.5480449199676514,"z":1.861221194267273},"rotation":{"x":0.11722493171691895,"y":-0.8501601219177246,"z":0.21346724033355714,"w":0.46689802408218386},"size":0.9447988867759705,"orthographic":false}