{"cameraMode":{"drawMode":0,"name":"Shaded","section":"Shading Mode"},"sceneLighting":false,"audioPlay":false,"sceneViewState":{"m_AlwaysRefresh":false,"showFog":true,"showSkybox":false,"showFlares":true,"showImageEffects":true,"showParticleSystems":true,"showVisualEffectGraphs":true,"m_FxEnabled":true},"in2DMode":false,"pivot":{"x":5.5269999504089359,"y":0.9800000190734863,"z":1.1799999475479127},"rotation":{"x":0.45319080352783205,"y":-0.013370293192565441,"z":0.006798462476581335,"w":0.891288697719574},"size":0.8660253882408142,"orthographic":false}