{"cameraMode":{"drawMode":0,"name":"Shaded","section":"Shading Mode"},"sceneLighting":false,"audioPlay":false,"sceneViewState":{"m_AlwaysRefresh":false,"showFog":true,"showSkybox":false,"showFlares":true,"showImageEffects":true,"showParticleSystems":true,"showVisualEffectGraphs":true,"m_FxEnabled":true},"in2DMode":false,"pivot":{"x":0.010220527648925782,"y":0.3817977011203766,"z":0.1876906454563141},"rotation":{"x":-0.006166053004562855,"y":-0.9902308583259583,"z":0.04607485607266426,"w":-0.13175836205482484},"size":0.645127534866333,"orthographic":false}