{"cameraMode":{"drawMode":0,"name":"Shaded","section":"Shading Mode"},"sceneLighting":false,"audioPlay":false,"sceneViewState":{"m_AlwaysRefresh":false,"showFog":true,"showSkybox":false,"showFlares":true,"showImageEffects":true,"showParticleSystems":true,"showVisualEffectGraphs":true,"m_FxEnabled":true},"in2DMode":false,"pivot":{"x":0.010220527648925782,"y":0.3817977011203766,"z":0.1876906454563141},"rotation":{"x":0.0004363261687103659,"y":-0.9994978308677673,"z":0.016494546085596086,"w":0.028210164979100229},"size":0.6907580494880676,"orthographic":false}