{"cameraMode":{"drawMode":0,"name":"Shaded","section":"Shading Mode"},"sceneLighting":false,"audioPlay":false,"sceneViewState":{"m_AlwaysRefresh":false,"showFog":false,"showSkybox":false,"showFlares":false,"showImageEffects":false,"showParticleSystems":false,"showVisualEffectGraphs":true,"m_FxEnabled":true},"in2DMode":false,"pivot":{"x":-0.11385010182857514,"y":0.8490561246871948,"z":0.1726473867893219},"rotation":{"x":0.02210986241698265,"y":0.7667692303657532,"z":0.02647503837943077,"w":-0.6410156488418579},"size":1.3763883113861085,"orthographic":false}